序号,页,行,列,字,表内出现次数,在影片字幕中(次),在故事原文中(次)
1,1,1,1,一,1,25,397
2,1,1,2,二,1,0,7
3,1,1,3,三,1,0,5
4,1,1,4,人,1,8,86
5,1,1,5,个,1,4,99
6,1,2,1,大,1,3,95
7,1,2,2,山,1,3,33
8,1,2,3,上,1,4,168
9,1,2,4,下,1,1,79
10,1,2,5,小,1,11,179
11,1,3,1,雨,1,0,11
12,1,3,2,天,1,0,85
13,1,3,3,车,1,0,15
14,1,3,4,开,1,0,29
15,1,3,5,火,1,1,8
16,1,4,1,门,1,0,7
17,1,4,2,口,1,0,13
18,1,4,3,月,1,0,7
19,1,4,4,羊,1,0,1
20,1,4,5,只,1,2,38
21,1,5,1,有,1,8,185
22,1,5,2,牛,1,0,4
23,1,5,3,水,1,2,28
24,1,5,4,中,1,0,5
25,1,5,5,风,1,0,10
26,1,6,1,头,1,5,140
27,1,6,2,田,1,0,2
28,1,6,3,土,1,0,5
29,1,6,4,里,1,8,141
30,1,6,5,在,1,6,137
31,1,7,1,日,1,0,5
32,1,7,2,白,1,1,81
33,1,7,3,马,1,0,5
34,1,7,4,手,1,0,11
35,1,7,5,出,1,2,39
36,1,8,1,王,1,0,3
37,1,8,2,子,1,1,98
38,1,8,3,儿,1,0,11
39,1,8,4,女,1,0,2
40,1,8,5,刀,1,0,1
41,1,9,1,木,1,0,5
42,1,9,2,鸟,1,0,6
43,1,9,3,伞,1,0,1
44,1,9,4,鱼,1,0,10
45,1,9,5,瓜,1,0,2
46,1,10,1,气,1,0,10
47,1,10,2,飞,1,0,15
48,1,10,3,虫,1,0,6
49,1,10,4,米,1,0,8
50,1,10,5,云,1,0,2
51,2,1,1,电,1,0,5
52,2,1,2,石,1,2,105
53,2,1,3,了,1,19,312
54,2,1,4,来,1,6,125
55,2,1,5,玉,1,0,2
56,2,2,1,去,1,0,35
57,2,2,2,回,1,1,31
58,2,2,3,多,1,0,37
59,2,2,4,少,1,0,5
60,2,2,5,问,1,1,112
61,2,3,1,早,1,0,8
62,2,3,2,巴,1,0,4
63,2,3,3,父,1,0,1
64,2,3,4,工,1,0,3
65,2,3,5,力,1,0,5
66,2,4,1,不,1,1,99
67,2,4,2,干,1,0,10
68,2,4,3,几,1,0,11
69,2,4,4,男,1,0,1
70,2,4,5,坐,1,0,11
71,2,5,1,打,1,0,17
72,2,5,2,四,1,0,7
73,2,5,3,五,1,0,4
74,2,5,4,六,1,0,3
75,2,5,5,闪,1,2,7
76,2,6,1,的,1,19,407
77,2,6,2,花,1,0,27
78,2,6,3,朵,1,1,6
79,2,6,4,果,1,0,4
80,2,6,5,比,1,1,15
81,2,7,1,午,1,0,3
82,2,7,2,面,1,1,33
83,2,7,3,高,1,1,17
84,2,7,4,包,1,0,25
85,2,7,5,文,1,0,3
86,2,8,1,分,1,0,3
87,2,8,2,平,1,0,4
88,2,8,3,我,1,11,201
89,2,8,4,连,1,0,1
90,2,8,5,元,1,0,1
91,2,9,1,丁,1,0,1
92,2,9,2,厂,1,0,1
93,2,9,3,目,1,0,1
94,2,9,4,见,1,2,19
95,2,9,5,兔,1,0,5
96,2,10,1,禾,1,0,1
97,2,10,2,是,1,11,159
98,2,10,3,把,1,2,33
99,2,10,4,笑,1,1,13
100,2,10,5,着,1,5,92
101,3,1,1,看,1,3,56
102,3,1,2,会,1,2,70
103,3,1,3,自,1,1,27
104,3,1,4,己,1,1,25
105,3,1,5,画,1,0,15
106,3,2,1,好,1,3,56
107,3,2,2,爱,1,0,10
108,3,2,3,心,1,0,20
109,3,2,4,也,1,3,53
110,3,2,5,可,1,2,41
111,3,3,1,爸,1,0,32
112,3,3,2,家,1,3,64
113,3,3,3,妈,1,4,68
114,3,3,4,这,1,3,50
115,3,3,5,爷,1,0,32
116,3,4,1,奶,2,0,16
117,3,4,2,们,1,2,114
118,3,4,3,书,1,0,23
119,3,4,4,串,1,0,4
120,3,4,5,球,1,0,6
121,3,5,1,圆,1,0,1
122,3,5,2,形,1,0,1
123,3,5,3,长,1,1,26
124,3,5,4,方,1,0,11
125,3,5,5,正,1,0,7
126,3,6,1,角,1,0,8
127,3,6,2,灯,1,7,36
128,3,6,3,块,1,0,11
129,3,6,4,冰,1,1,16
130,3,6,5,那,1,1,61
131,3,7,1,弓,1,0,1
132,3,7,2,买,1,0,1
133,3,7,3,哪,1,0,5
134,3,7,4,乐,1,0,1
135,3,7,5,谢,1,0,7
136,3,8,1,想,1,0,30
137,3,8,2,抱,1,2,4
138,3,8,3,竹,1,0,1
139,3,8,4,要,1,1,41
140,3,8,5,立,1,0,3
141,3,9,1,耳,1,1,4
142,3,9,2,红,1,0,18
143,3,9,3,色,1,0,13
144,3,9,4,吃,1,0,22
145,3,9,5,香,1,0,9
146,3,10,1,穿,1,0,4
147,3,10,2,身,1,0,14
148,3,10,3,它,1,0,61
149,3,10,4,发,1,1,11
150,3,10,5,衣,1,0,11
151,4,1,1,他,1,5,117
152,4,1,2,她,1,1,11
153,4,1,3,毛,1,0,8
154,4,1,4,朋,1,2,9
155,4,1,5,友,1,2,9
156,4,2,1,哥,1,0,3
157,4,2,2,弟,1,0,4
158,4,2,3,兄,1,0,1
159,4,2,4,眉,1,0,2
160,4,2,5,鼻,1,0,4
161,4,3,1,光,1,5,16
162,4,3,2,星,1,0,24
163,4,3,3,阳,1,0,8
164,4,3,4,亮,1,1,13
165,4,3,5,今,1,0,6
166,4,4,1,明,1,0,5
167,4,4,2,走,1,5,55
168,4,4,3,兴,1,0,4
169,4,4,4,空,1,0,12
170,4,4,5,两,1,2,24
171,4,5,1,苦,2,0,5
172,4,5,2,牙,1,0,2
173,4,5,3,肚,1,0,1
174,4,5,4,尾,1,0,3
175,4,5,5,你,1,5,115
176,4,6,1,脸,1,0,7
177,4,6,2,黑,1,0,10
178,4,6,3,半,1,0,2
179,4,6,4,呀,1,0,1
180,4,6,5,吗,1,1,28
181,4,7,1,七,1,0,4
182,4,7,2,八,1,0,2
183,4,7,3,九,1,0,2
184,4,7,4,十,1,0,16
185,4,7,5,又,1,0,51
186,4,8,1,很,1,6,112
187,4,8,2,太,1,0,16
188,4,8,3,宝,1,0,1
189,4,8,4,贝,1,0,2
190,4,8,5,和,1,0,44
191,4,9,1,关,1,0,3
192,4,9,2,园,1,0,6
193,4,9,3,生,1,0,7
194,4,9,4,公,1,0,2
195,4,9,5,苗,1,0,2
196,4,10,1,叶,1,0,9
197,4,10,2,林,1,3,20
198,4,10,3,草,1,0,14
199,4,10,4,先,1,0,4
200,4,10,5,岛,1,0,1
201,5,1,1,嘴,1,0,2
202,5,1,2,眼,1,2,18
203,5,1,3,睛,1,2,15
204,5,1,4,脚,1,0,6
205,5,1,5,腿,1,0,4
206,5,2,1,翅,1,0,3
207,5,2,2,膀,1,0,3
208,5,2,3,羽,1,0,1
209,5,2,4,体,1,0,1
210,5,2,5,没,1,1,34
211,5,3,1,认,1,0,3
212,5,3,2,识,1,0,3
213,5,3,3,颜,1,0,3
214,5,3,4,黄,1,0,4
215,5,3,5,蓝,1,0,6
216,5,4,1,绿,1,0,8
217,5,4,2,粉,1,0,2
218,5,4,3,青,1,0,5
219,5,4,4,紫,1,0,1
220,5,4,5,彩,1,0,4
221,5,5,1,食,1,0,3
222,5,5,2,物,1,0,6
223,5,5,3,尝,1,0,2
224,5,5,4,闻,1,0,2
225,5,5,5,味,1,0,4
226,5,6,1,鲜,1,0,1
227,5,6,2,苦,2,0,5
228,5,6,3,甜,1,0,6
229,5,6,4,什,1,0,40
230,5,6,5,么,1,0,52
231,5,7,1,起,1,3,48
232,5,7,2,运,1,0,1
233,5,7,3,动,1,1,16
234,5,7,4,踢,1,0,1
235,5,7,5,足,1,0,1
236,5,8,1,赛,1,0,7
237,5,8,2,快,1,0,12
238,5,8,3,慢,1,2,90
239,5,8,4,跑,1,0,18
240,5,8,5,步,1,2,6
241,5,9,1,唱,1,0,4
242,5,9,2,歌,1,0,4
243,5,9,3,跳,1,0,16
244,5,9,4,舞,1,0,3
245,5,9,5,吹,1,0,8
246,5,10,1,号,1,1,73
247,5,10,2,讲,1,0,4
248,5,10,3,故,1,0,4
249,5,10,4,事,1,0,12
250,5,10,5,怎,1,0,4
251,6,1,1,帮,1,0,10
252,6,1,2,找,1,0,24
253,6,1,3,欢,1,0,16
254,6,1,4,担,1,0,2
255,6,1,5,闷,1,0,2
256,6,2,1,急,1,0,5
257,6,2,2,害,1,0,9
258,6,2,3,怕,1,6,25
259,6,2,4,惊,1,0,4
260,6,2,5,哈,1,0,5
261,6,3,1,老,1,2,45
262,6,3,2,师,1,0,11
263,6,3,3,同,1,0,10
264,6,3,4,学,1,0,20
265,6,3,5,校,1,0,6
266,6,4,1,桌,1,0,5
267,6,4,2,椅,1,0,2
268,6,4,3,教,1,0,4
269,6,4,4,室,1,0,2
270,6,4,5,课,1,0,6
271,6,5,1,做,1,1,15
272,6,5,2,给,1,2,33
273,6,5,3,操,1,0,3
274,6,5,4,伸,1,0,3
275,6,5,5,拉,1,0,3
276,6,6,1,举,1,0,1
277,6,6,2,拍,1,0,1
278,6,6,3,抓,1,0,2
279,6,6,4,拥,1,0,1
280,6,6,5,奶,2,0,16
281,6,7,1,寒,1,0,1
282,6,7,2,冷,1,0,14
283,6,7,3,温,1,0,2
284,6,7,4,暖,1,1,10
285,6,7,5,热,1,0,6
286,6,8,1,凉,1,0,3
287,6,8,2,湿,1,0,3
288,6,8,3,雾,1,1,1
289,6,8,4,净,1,0,3
290,6,8,5,到,1,0,45
291,6,9,1,都,1,1,57
292,6,9,2,办,1,0,2
293,6,9,3,渴,1,0,1
294,6,9,4,喝,1,0,1
295,6,9,5,饿,1,0,4
296,6,10,1,饭,1,0,10
297,6,10,2,睡,1,0,9
298,6,10,3,觉,1,0,7
299,6,10,4,累,1,0,2
300,6,10,5,醒,1,1,4
301,7,1,1,房,1,0,7
302,7,1,2,间,1,0,5
303,7,1,3,帘,1,0,1
304,7,1,4,窗,1,1,12
305,7,1,5,户,1,0,4
306,7,2,1,台,1,0,1
307,7,2,2,视,1,0,1
308,7,2,3,床,1,0,4
309,7,2,4,被,1,0,7
310,7,2,5,处,1,0,3
311,7,3,1,让,1,0,13
312,7,3,2,对,1,1,15
313,7,3,3,姐,1,0,11
314,7,3,4,妹,1,0,3
315,7,3,5,阿,1,0,9
316,7,4,1,姨,1,0,9
317,7,4,2,叔,1,0,6
318,7,4,3,伯,1,0,32
319,7,4,4,姑,1,0,3
320,7,4,5,亲,1,0,2
321,7,5,1,餐,1,0,1
322,7,5,2,盆,1,0,1
323,7,5,3,碗,1,0,4
324,7,5,4,筷,1,0,1
325,7,5,5,盖,1,0,1
326,7,6,1,袋,1,0,3
327,7,6,2,巾,1,0,4
328,7,6,3,杯,1,0,1
329,7,6,4,成,1,1,10
330,7,6,5,用,1,0,26
331,7,7,1,像,1,1,30
332,7,7,2,原,1,0,5
333,7,7,3,菜,1,0,7
334,7,7,4,萝,1,0,7
335,7,7,5,卜,1,0,7
336,7,8,1,豆,1,0,1
337,7,8,2,苹,1,0,1
338,7,8,3,桃,1,0,1
339,7,8,4,杏,1,0,1
340,7,8,5,笋,1,0,1
341,7,9,1,扫,1,0,2
342,7,9,2,地,1,3,77
343,7,9,3,拖,1,0,1
344,7,9,4,洒,1,0,1
345,7,9,5,洗,1,0,5
346,7,10,1,服,1,0,5
347,7,10,2,晒,1,0,2
348,7,10,3,收,1,0,2
349,7,10,4,全,1,0,8
350,7,10,5,呢,1,0,5
351,8,1,1,还,1,2,58
352,8,1,2,谁,1,0,12
353,8,1,3,商,1,0,1
354,8,1,4,场,1,0,9
355,8,1,5,楼,1,0,8
356,8,2,1,街,1,0,4
357,8,2,2,理,1,0,1
358,8,2,3,店,1,0,3
359,8,2,4,鞋,1,0,1
360,8,2,5,市,1,0,4
361,8,3,1,病,1,0,3
362,8,3,2,医,1,0,3
363,8,3,3,院,1,0,10
364,8,3,4,护,1,0,1
365,8,3,5,士,1,0,1
366,8,4,1,伤,1,0,3
367,8,4,2,纱,1,0,1
368,8,4,3,布,1,0,5
369,8,4,4,针,1,0,1
370,8,4,5,住,1,1,12
371,8,5,1,养,1,0,4
372,8,5,2,放,1,0,8
373,8,5,3,鸡,1,0,5
374,8,5,4,鸭,1,0,1
375,8,5,5,农,1,0,3
376,8,6,1,夫,1,0,2
377,8,6,2,猫,1,0,6
378,8,6,3,狗,1,0,2
379,8,6,4,鼠,1,0,5
380,8,6,5,群,1,0,3
381,8,7,1,汽,1,0,4
382,8,7,2,行,1,0,3
383,8,7,3,交,1,0,1
384,8,7,4,装,1,0,1
385,8,7,5,甲,1,0,1
386,8,8,1,机,1,0,2
387,8,8,2,宇,1,0,4
388,8,8,3,宙,1,0,1
389,8,8,4,船,1,0,7
390,8,8,5,化,1,0,4
391,8,9,1,当,1,0,3
392,8,9,2,该,1,0,2
393,8,9,3,科,1,0,1
394,8,9,4,程,1,0,2
395,8,9,5,航,1,0,3
396,8,10,1,员,1,0,4
397,8,10,2,司,1,0,1
398,8,10,3,蹈,1,0,1
399,8,10,4,军,1,0,4
400,8,10,5,银,1,0,2
401,9,1,1,客,1,0,1
402,9,1,2,壳,1,1,8
403,9,1,3,救,1,1,4
404,9,1,4,板,1,0,1
405,9,1,5,加,1,0,5
406,9,2,1,油,1,0,6
407,9,2,2,修,1,0,1
408,9,2,3,轮,1,0,1
409,9,2,4,始,1,0,1
410,9,2,5,离,1,0,3
411,9,3,1,遇,1,0,1
412,9,3,2,别,1,1,10
413,9,3,3,海,1,0,24
414,9,3,4,洋,1,0,2
415,9,3,5,流,1,2,10
416,9,4,1,浪,1,0,2
417,9,4,2,波,1,0,1
418,9,4,3,潮,1,0,1
419,9,4,4,雷,1,0,2
420,9,4,5,乌,1,1,13
421,9,5,1,底,1,0,2
422,9,5,2,虾,1,0,1
423,9,5,3,丑,1,0,1
424,9,5,4,斑,1,0,1
425,9,5,5,带,1,1,8
426,9,6,1,宫,1,0,1
427,9,6,2,美,1,0,4
428,9,6,3,岩,1,0,1
429,9,6,4,沙,1,0,6
430,9,6,5,滩,1,0,4
431,9,7,1,挖,1,0,1
432,9,7,2,瓶,1,0,5
433,9,7,3,珠,1,0,3
434,9,7,4,金,1,0,3
435,9,7,5,骨,1,0,1
436,9,8,1,鸥,1,0,1
437,9,8,2,游,1,0,8
438,9,8,3,冲,1,0,2
439,9,8,4,划,1,0,3
440,9,8,5,钓,1,0,2
441,9,9,1,帆,1,0,4
442,9,9,2,篮,1,0,1
443,9,9,3,网,1,0,3
444,9,9,4,最,1,1,46
445,9,9,5,得,1,0,54
446,9,10,1,钩,1,0,2
447,9,10,2,森,2,2,15
448,9,10,3,植,2,0,1
449,9,10,4,树,2,0,31
450,9,10,5,泥,2,0,3
451,10,1,1,春,1,0,10
452,10,1,2,夏,1,0,3
453,10,1,3,秋,1,0,8
454,10,1,4,冬,1,0,11
455,10,1,5,季,1,0,1
456,10,2,1,熊,1,0,4
457,10,2,2,猴,1,0,2
458,10,2,3,鹿,1,1,67
459,10,2,4,虎,1,0,3
460,10,2,5,狮,1,0,5
461,10,3,1,狐,1,0,3
462,10,3,2,狸,1,0,3
463,10,3,3,狼,1,4,16
464,10,3,4,现,1,1,5
465,10,3,5,总,1,0,3
466,10,4,1,跟,1,0,13
467,10,4,2,柳,1,0,1
468,10,4,3,芽,1,0,1
469,10,4,4,蚯,1,0,1
470,10,4,5,蚓,1,0,1
471,10,5,1,蝴,1,0,1
472,10,5,2,蝶,1,0,1
473,10,5,3,燕,1,0,1
474,10,5,4,蜜,1,0,3
475,10,5,5,蜂,1,0,2
476,10,6,1,民,1,0,2
477,10,6,2,种,1,0,10
478,10,6,3,翻,1,0,2
479,10,6,4,浇,1,0,1
480,10,6,5,肥,1,0,2
481,10,7,1,施,1,0,1
482,10,7,2,除,1,0,1
483,10,7,3,杀,1,0,1
484,10,7,4,如,1,0,2
485,10,7,5,再,1,0,8
486,10,8,1,荷,1,0,1
487,10,8,2,蝌,1,0,1
488,10,8,3,蚪,1,0,1
489,10,8,4,蛙,1,0,1
490,10,8,5,露,1,0,3
491,10,9,1,蜻,1,0,1
492,10,9,2,蜓,1,0,1
493,10,9,3,蝉,1,0,1
494,10,9,4,声,1,1,17
495,10,9,5,音,1,0,4
496,10,10,1,梦,1,0,6
497,10,10,2,森,2,2,15
498,10,10,3,植,2,0,1
499,10,10,4,树,2,0,31
500,10,10,5,泥,2,0,3
501,11,1,1,晨,1,0,2
502,11,1,2,朝,1,0,2
503,11,1,3,夕,1,0,1
504,11,1,4,落,1,0,4
505,11,1,5,傍,1,0,2
506,11,2,1,晚,1,0,14
507,11,2,2,虹,1,0,2
508,11,2,3,霞,1,0,2
509,11,2,4,追,1,0,1
510,11,2,5,能,1,0,16
511,11,3,1,送,1,0,4
512,11,3,2,过,1,1,71
513,11,3,3,节,1,0,24
514,11,3,4,铃,1,0,1
515,11,3,5,纸,1,0,3
516,11,4,1,烟,1,0,2
517,11,4,2,礼,1,0,2
518,11,4,3,蛋,1,0,4
519,11,4,4,糕,1,0,2
520,11,4,5,娃,1,0,2
521,11,5,1,滴,1,0,3
522,11,5,2,泉,1,0,2
523,11,5,3,溪,1,2,2
524,11,5,4,洼,1,0,2
525,11,5,5,江,1,0,2
526,11,6,1,河,1,1,15
527,11,6,2,湖,1,0,1
528,11,6,3,清,1,0,5
529,11,6,4,神,1,0,2
530,11,6,5,奇,1,0,2
531,11,7,1,求,1,0,2
532,11,7,2,棵,1,0,8
533,11,7,3,根,1,0,7
534,11,7,4,枝,1,0,4
535,11,7,5,枯,1,0,1
536,11,8,1,皮,1,0,1
537,11,8,2,啄,1,0,2
538,11,8,3,鸦,1,0,7
539,11,8,4,松,1,0,8
540,11,8,5,活,1,0,6
541,11,9,1,历,1,0,1
542,11,9,2,期,1,0,1
543,11,9,3,昨,1,0,1
544,11,9,4,新,1,0,10
545,11,9,5,年,1,0,24
546,11,10,1,表,1,0,3
547,11,10,2,时,1,1,38
548,11,10,3,数,1,0,6
549,11,10,4,字,1,0,8
550,11,10,5,久,1,2,13
551,12,1,1,响,1,0,3
552,12,1,2,听,1,0,7
553,12,1,3,叫,1,2,16
554,12,1,4,叹,1,0,1
555,12,1,5,喊,1,0,4
556,12,2,1,欠,1,0,1
557,12,2,2,吸,1,0,1
558,12,2,3,呼,1,0,4
559,12,2,4,说,1,1,167
560,12,2,5,话,1,0,22
561,12,3,1,坡,1,0,3
562,12,3,2,注,1,0,1
563,12,3,3,意,1,0,5
564,12,3,4,路,1,5,35
565,12,3,5,停,1,0,12
566,12,4,1,辆,1,0,1
567,12,4,2,道,1,1,24
568,12,4,3,直,1,0,11
569,12,4,4,定,1,1,8
570,12,4,5,幸,1,0,1
571,12,5,1,影,1,0,6
572,12,5,2,样,1,0,19
573,12,5,3,边,1,1,45
574,12,5,4,外,1,0,6
575,12,5,5,远,1,2,16
576,12,6,1,近,1,1,5
577,12,6,2,左,1,0,1
578,12,6,3,右,1,0,1
579,12,6,4,前,1,1,11
580,12,6,5,后,1,0,35
581,12,7,1,蜘,1,0,2
582,12,7,2,蛛,1,0,2
583,12,7,3,蚊,1,0,1
584,12,7,4,洞,1,1,8
585,12,7,5,丝,1,0,1
586,12,8,1,蚂,1,0,1
587,12,8,2,蚁,1,0,1
588,12,8,3,蛇,1,0,1
589,12,8,4,壁,1,0,2
590,12,8,5,怪,1,0,2
591,12,9,1,队,1,0,6
592,12,9,2,进,1,1,16
593,12,9,3,铁,1,0,2
594,12,9,4,站,1,1,5
595,12,9,5,入,1,0,1
596,12,10,1,票,1,0,1
597,12,10,2,扶,1,0,3
598,12,10,3,乘,1,0,2
599,12,10,4,座,1,0,8
600,12,10,5,位,1,0,2
601,13,1,1,城,1,0,19
602,13,1,2,向,1,0,6
603,13,1,3,南,1,0,9
604,13,1,4,极,1,0,7
605,13,1,5,以,1,2,21
606,13,2,1,图,1,1,4
607,13,2,2,东,1,1,13
608,13,2,3,西,1,1,9
609,13,2,4,邓,1,0,1
610,13,2,5,为,1,1,25
611,13,3,1,困,1,0,1
612,13,3,2,感,1,0,1
613,13,3,3,卫,1,0,2
614,13,3,4,悄,1,0,2
615,13,3,5,应,1,0,1
616,13,4,1,象,1,0,1
617,13,4,2,器,1,0,1
618,13,4,3,逃,1,0,1
619,13,4,4,吵,1,0,1
620,13,4,5,北,1,0,11
621,13,5,1,因,1,0,7
622,13,5,2,迎,1,0,1
623,13,5,3,知,1,1,19
624,13,5,4,却,1,0,1
625,13,5,5,忙,1,0,2
626,13,6,1,投,1,0,2
627,13,6,2,思,1,0,2
628,13,6,3,名,1,0,4
629,13,6,4,片,1,1,6
630,13,6,5,国,1,0,5
631,13,7,1,作,1,0,4
632,13,7,2,业,1,0,1
633,13,7,3,息,1,0,4
634,13,7,4,更,1,0,4
635,13,7,5,告,1,0,4
636,13,8,1,舍,1,0,1
637,13,8,2,留,1,0,4
638,13,8,3,诉,1,0,3
639,13,8,4,赶,1,0,3
640,13,8,5,塔,1,0,2
641,13,9,1,未,1,0,1
642,13,9,2,万,1,0,2
643,13,9,3,千,1,0,3
644,13,9,4,领,1,0,3
645,13,9,5,结,1,0,5
646,13,10,1,错,1,0,3
647,13,10,2,百,1,0,6
648,13,10,3,然,1,0,5
649,13,10,4,忽,1,0,1
650,13,10,5,从,1,1,24
651,14,1,1,愿,1,0,3
652,14,1,2,约,1,0,2
653,14,1,3,忘,1,0,5
654,14,1,4,答,1,0,3
655,14,1,5,越,1,0,4
656,14,2,1,尖,1,0,2
657,14,2,2,摇,1,0,1
658,14,2,3,往,1,1,12
659,14,2,4,龙,1,0,4
660,14,2,5,夜,1,1,13
661,14,3,1,坏,1,0,3
662,14,3,2,低,1,0,10
663,14,3,3,吐,1,0,1
664,14,3,4,每,1,1,22
665,14,3,5,破,1,1,7
666,14,4,1,争,1,0,6
667,14,4,2,代,1,0,2
668,14,4,3,精,1,0,1
669,14,4,4,团,1,0,1
670,14,4,5,但,1,0,1
671,14,5,1,围,1,0,6
672,14,5,2,吓,1,0,3
673,14,5,3,斗,1,0,2
674,14,5,4,改,1,0,1
675,14,5,5,齐,1,0,2
676,14,6,1,互,1,0,1
677,14,6,2,重,1,0,2
678,14,6,3,丽,1,0,4
679,14,6,4,吧,1,0,13
680,14,6,5,接,1,0,2
681,14,7,1,准,1,0,1
682,14,7,2,备,1,0,1
683,14,7,3,参,1,0,1
684,14,7,4,换,1,0,1
685,14,7,5,休,1,0,4
686,14,8,1,灭,1,0,1
687,14,8,2,鸣,1,0,1
688,14,8,3,背,1,1,10
689,14,8,4,按,1,0,1
690,14,8,5,拿,1,0,5
691,14,9,1,报,1,0,1
692,14,9,2,秀,1,0,2
693,14,9,3,迷,1,2,12
694,14,9,4,量,1,0,1
695,14,9,5,陆,1,0,1
696,14,10,1,升,1,0,4
697,14,10,2,弯,1,0,10
698,14,10,3,软,1,0,2
699,14,10,4,李,1,0,1
700,14,10,5,艘,1,0,1
701,15,1,1,睁,2,0,1
702,15,1,2,睁,2,0,1
703,15,1,3,古,1,0,7
704,15,1,4,屋,1,0,10
705,15,1,5,攻,1,0,1
706,15,2,1,官,1,0,1
707,15,2,2,观,1,0,2
708,15,2,3,首,1,0,4
709,15,2,4,史,1,0,1
710,15,2,5,众,1,0,1
711,15,3,1,劳,1,0,2
712,15,3,2,主,1,0,1
713,15,3,3,汗,1,0,2
714,15,3,4,庆,1,0,1
715,15,3,5,墙,1,0,8
716,15,4,1,铜,1,0,1
717,15,4,2,诗,1,0,2
718,15,4,3,砍,1,0,1
719,15,4,4,造,1,0,4
720,15,4,5,祝,1,0,2
721,15,5,1,捉,1,0,5
722,15,5,2,杨,1,0,3
723,15,5,3,安,1,0,6
724,15,5,4,藏,1,0,6
725,15,5,5,烧,1,0,1
726,15,6,1,真,1,0,10
727,15,6,2,匹,1,0,1
728,15,6,3,散,1,0,1
729,15,6,4,捕,1,0,1
730,15,6,5,眨,1,0,2
731,15,7,1,眠,1,0,2
732,15,7,2,转,1,0,1
733,15,7,3,京,1,0,2
734,15,7,4,苏,1,0,2
735,15,7,5,壮,1,0,1
736,15,8,1,景,1,0,1
737,15,8,2,望,1,0,8
738,15,8,3,张,1,1,13
739,15,8,4,雁,1,0,1
740,15,8,5,许,1,0,2
741,15,9,1,诚,1,0,1
742,15,9,2,实,1,0,4
743,15,9,3,堆,1,0,4
744,15,9,4,雪,1,4,70
745,15,9,5,梅,1,0,1
746,15,10,1,兰,1,0,1
747,15,10,2,淡,1,0,1
748,15,10,3,念,1,0,1
749,15,10,4,乡,1,0,1
750,15,10,5,初,1,0,1
751,16,1,1,村,1,0,4
752,16,1,2,稻,1,0,2
753,16,1,3,秧,1,0,1
754,16,1,4,牧,1,0,1
755,16,1,5,喜,1,0,15
756,16,2,1,贴,1,0,2
757,16,2,2,梢,1,0,2
758,16,2,3,岁,1,0,7
759,16,2,4,野,1,0,2
760,16,2,5,压,1,0,1
761,16,3,1,扑,1,1,1
762,16,3,2,啦,1,0,2
763,16,3,3,格,1,0,1
764,16,3,4,拔,1,0,1
765,16,3,5,练,1,0,1
766,16,4,1,选,1,0,1
767,16,4,2,骄,1,0,1
768,16,4,3,傲,1,0,1
769,16,4,4,共,1,0,1
770,16,4,5,第,1,0,24
771,16,5,1,仔,1,0,1
772,16,5,2,细,1,0,5
773,16,5,3,夸,1,0,1
774,16,5,4,掉,1,0,7
775,16,5,5,笔,1,0,3
776,16,6,1,旁,1,0,3
777,16,6,2,束,1,0,2
778,16,6,3,脱,1,0,1
779,16,6,4,及,1,0,1
780,16,6,5,功,1,0,1
781,16,7,1,舰,1,0,1
782,16,7,2,招,1,0,1
783,16,7,3,岸,1,0,1
784,16,7,4,冻,1,0,2
785,16,7,5,沉,1,0,2
786,16,8,1,倒,1,0,4
787,16,8,2,候,1,1,34
788,16,8,3,且,1,0,1
789,16,8,4,另,1,0,1
790,16,8,5,捡,1,0,3
791,16,9,1,即,1,0,1
792,16,9,2,静,1,0,4
793,16,9,3,题,1,0,15
794,16,9,4,法,1,0,1
795,16,9,5,所,1,1,3
796,16,10,1,难,1,1,6
797,16,10,2,深,1,0,3
798,16,10,3,些,1,0,7
799,16,10,4,淋,1,0,1
800,16,10,5,积,1,0,2
801,17,1,1,令,1,0,1
802,17,1,2,本,1,0,8
803,17,1,3,尔,1,0,1
804,17,1,4,才,1,1,11
805,17,1,5,浮,1,0,2
806,17,2,1,摆,1,0,3
807,17,2,2,推,1,0,1
808,17,2,3,闭,1,1,3
809,17,2,4,变,1,0,6
810,17,2,5,条,1,0,16
811,17,3,1,舟,1,0,2
812,17,3,2,胖,1,0,6
813,17,3,3,失,1,0,3
814,17,3,4,棉,1,0,5
815,17,3,5,妙,1,0,1
816,17,4,1,替,1,0,1
817,17,4,2,语,1,0,2
818,17,4,3,言,1,0,1
819,17,4,4,透,1,0,1
820,17,4,5,聪,1,0,2
821,17,5,1,仿,1,0,1
822,17,5,2,佛,1,0,1
823,17,5,3,班,1,0,9
824,17,5,4,辨,1,0,1
825,17,5,5,非,1,0,2
826,17,6,1,常,1,0,4
827,17,6,2,介,1,0,1
828,17,6,3,论,1,0,1
829,17,6,4,脑,1,0,1
830,17,6,5,摘,1,0,1
831,17,7,1,旗,1,0,6
832,17,7,2,飘,1,0,5
833,17,7,3,点,1,12,32
834,17,7,4,广,1,0,1
835,17,7,5,无,1,0,1
836,17,8,1,坪,1,0,0
837,17,8,2,居,1,0,1
838,17,8,3,澡,1,0,2
839,17,8,4,梳,1,0,1
840,17,8,5,各,1,0,5
841,17,9,1,伙,1,0,1
842,17,9,2,伴,1,0,1
843,17,9,3,排,1,0,4
844,17,9,4,貌,1,0,1
845,17,9,5,搭,1,0,1
846,17,10,1,谷,1,0,1
847,17,10,2,满,1,0,5
848,17,10,3,母,1,0,1
849,17,10,4,至,1,0,1
850,17,10,5,世,1,0,6
851,18,1,1,霜,1,0,1
852,18,1,2,肉,1,0,1
853,18,1,3,颗,1,0,10
854,18,1,4,采,1,0,2
855,18,1,5,取,1,0,3
856,18,2,1,玩,1,0,13
857,18,2,2,算,1,0,1
858,18,2,3,照,1,0,6
859,18,2,4,纯,1,0,1
860,18,2,5,耍,1,0,1
861,18,3,1,趣,1,0,1
862,18,3,2,懂,1,0,1
863,18,3,3,捧,1,0,1
864,18,3,4,寸,1,0,1
865,18,3,5,习,1,0,2
866,18,4,1,合,1,0,1
867,18,4,2,记,1,1,19
868,18,4,3,阴,1,0,1
869,18,4,4,情,1,0,1
870,18,4,5,必,1,0,1
871,18,5,1,顾,1,0,2
872,18,5,2,归,1,0,1
873,18,5,3,件,1,0,4
874,18,5,4,孩,1,0,5
875,18,5,5,专,1,0,1
876,18,6,1,渐,1,0,6
877,18,6,2,泪,1,1,6
878,18,6,3,整,1,0,3
879,18,6,4,请,1,0,1
880,18,6,5,惜,1,0,1
881,18,7,1,尊,1,0,1
882,18,7,2,界,1,0,5
883,18,7,3,读,1,0,2
884,18,7,4,桥,1,0,2
885,18,7,5,句,1,0,2
886,18,8,1,短,1,0,1
887,18,8,2,轰,1,0,2
888,18,8,3,复,1,0,1
889,18,8,4,童,1,0,1
890,18,8,5,双,1,0,1
891,18,9,1,轻,1,2,10
892,18,9,2,泼,1,0,1
893,18,9,3,躺,1,0,3
894,18,9,4,柔,1,0,2
895,18,9,5,龄,1,0,1
896,18,10,1,赞,1,0,1
897,18,10,2,虚,1,0,1
898,18,10,3,垂,1,0,1
899,18,10,4,展,1,0,1
900,18,10,5,勾,1,0,1
901,19,1,1,速,1,0,1
902,19,1,2,度,1,0,1
903,19,1,3,铅,1,0,1
904,19,1,4,灰,1,0,1
905,19,1,5,亿,1,0,1
906,19,2,1,已,1,1,3
907,19,2,2,巨,1,1,1
908,19,2,3,查,1,0,1
909,19,2,4,蚜,1,0,1
910,19,2,5,经,1,1,3
911,19,3,1,驶,1,0,1
912,19,3,2,绝,1,0,1
913,19,3,3,引,1,0,1
914,19,3,4,亚,1,0,1
915,19,3,5,吾,1,0,0
916,19,4,1,忠,1,0,1
917,19,4,2,环,1,0,1
918,19,4,3,技,1,0,1
919,19,4,4,保,1,0,1
920,19,4,5,术,1,0,2
921,19,5,1,敌,1,0,2
922,19,5,2,寻,1,0,3
923,19,5,3,消,1,0,1
924,19,5,4,志,1,0,1
925,19,5,5,夺,1,0,1
926,19,6,1,于,1,0,2
927,19,6,2,终,1,0,1
928,19,6,3,凤,1,0,1
929,19,6,4,凰,1,0,1
930,19,6,5,禅,1,0,1
931,19,7,1,隐,1,0,1
932,19,7,2,使,1,0,2
933,19,7,3,纺,1,0,2
934,19,7,4,织,1,0,3
935,19,7,5,披,1,0,1
936,19,8,1,灵,1,0,1
937,19,8,2,仍,1,0,1
938,19,8,3,池,1,0,3
939,19,8,4,吞,1,0,1
940,19,8,5,而,1,0,2
941,19,9,1,际,1,0,1
942,19,9,2,管,1,0,1
943,19,9,3,规,1,0,1
944,19,9,4,府,1,0,1
945,19,9,5,议,1,0,1
946,19,10,1,莲,1,0,1
947,19,10,2,宽,1,0,1
948,19,10,3,级,1,0,1
949,19,10,4,之,1,0,4
950,19,10,5,列,1,0,2
951,20,1,1,战,1,0,7
952,20,1,2,命,1,0,3
953,20,1,3,枪,1,0,1
954,20,1,4,突,1,0,1
955,20,1,5,丢,1,0,1
956,20,2,1,咬,1,0,2
957,20,2,2,夹,1,0,1
958,20,2,3,质,1,0,0
959,20,2,4,式,1,0,1
960,20,2,5,助,1,0,2
961,20,3,1,漂,1,0,3
962,20,3,2,泊,1,0,1
963,20,3,3,漫,1,0,1
964,20,3,4,刚,1,1,5
965,20,3,5,糟,1,0,1
966,20,4,1,假,1,0,2
967,20,4,2,钢,1,0,1
968,20,4,3,将,1,0,1
969,20,4,4,俩,1,0,1
970,20,4,5,哇,1,0,2
971,20,5,1,贫,1,0,1
972,20,5,2,饱,1,0,1
973,20,5,3,饥,1,0,1
974,20,5,4,族,1,0,1
975,20,5,5,孙,1,0,1
976,20,6,1,祖,1,0,1
977,20,6,2,密,1,0,2
978,20,6,3,炉,1,0,2
979,20,6,4,冈,1,0,1
980,20,6,5,牢,1,0,1
981,20,7,1,容,1,0,1
982,20,7,2,易,1,0,1
983,20,7,3,死,1,0,2
984,20,7,4,特,1,0,1
985,20,7,5,希,1,0,2
986,20,8,1,其,1,0,4
987,20,8,2,弹,1,0,1
988,20,8,3,扮,1,0,1
989,20,8,4,哨,1,0,1
990,20,8,5,并,1,0,1
991,20,9,1,芬,1,0,1
992,20,9,2,芳,1,0,1
993,20,9,3,栽,1,0,1
994,20,9,4,独,1,0,1
995,20,9,5,弱,1,0,2
996,20,10,1,拐,1,0,3
997,20,10,2,治,1,0,3
998,20,10,3,阵,1,0,1
999,20,10,4,寿,1,0,1
1000,20,10,5,宜,1,0,1
1001,21,1,1,股,1,0,1
1002,21,1,2,写,1,0,9
1003,21,1,3,枫,1,0,1
1004,21,1,4,柏,1,0,1
1005,21,1,5,坛,1,0,1
1006,21,2,1,何,1,0,1
1007,21,2,2,杜,1,0,1
1008,21,2,3,鹃,1,0,1
1009,21,2,4,茂,1,0,1
1010,21,2,5,井,1,0,3
1011,21,3,1,埋,1,0,3
1012,21,3,2,刨,1,0,1
1013,21,3,3,腰,1,0,2
1014,21,3,4,蹲,1,0,1
1015,21,3,5,由,1,1,1
1016,21,4,1,迈,1,0,1
1017,21,4,2,信,1,0,1
1018,21,4,3,恩,1,0,1
1019,21,4,4,探,1,0,2
1020,21,4,5,须,1,0,1
1021,21,5,1,计,1,0,1
1022,21,5,2,需,1,1,3
1023,21,5,3,绕,1,0,1
1024,21,5,4,稀,1,0,0
1025,21,5,5,指,1,0,2
1026,21,6,1,哄,1,0,1
1027,21,6,2,概,1,0,1
1028,21,6,3,粒,1,0,1
1029,21,6,4,微,1,1,1
1030,21,6,5,册,1,0,2
1031,21,7,1,钟,1,0,3
1032,21,7,2,敬,1,0,2
1033,21,7,3,割,1,0,1
1034,21,7,4,宣,1,0,2
1035,21,7,5,席,1,0,1
1036,21,8,1,申,1,0,1
1037,21,8,2,架,1,0,2
1038,21,8,3,搬,1,0,2
1039,21,8,4,建,1,0,1
1040,21,8,5,梁,1,0,1
1041,21,9,1,泞,1,0,1
1042,21,9,2,岭,1,0,1
1043,21,9,3,趴,1,0,4
1044,21,9,4,砸,1,0,1
1045,21,9,5,骗,1,0,1
1046,21,10,1,末,1,0,1
1047,21,10,2,锋,1,0,1
1048,21,10,3,迹,1,0,2
1049,21,10,4,冒,1,0,2
1050,21,10,5,沟,1,0,2
1051,22,1,1,勇,1,0,3
1052,22,1,2,敢,1,0,3
1053,22,1,3,荡,1,0,4
1054,22,1,4,滚,1,0,3
1055,22,1,5,涌,1,0,1
1056,22,2,1,跃,1,0,1
1057,22,2,2,借,1,0,2
1058,22,2,3,尺,1,0,1
1059,22,2,4,稠,1,0,0
1060,22,2,5,啊,1,0,1
1061,22,3,1,解,1,0,1
1062,22,3,2,杆,1,0,1
1063,22,3,3,蹦,1,0,1
1064,22,3,4,闹,1,0,1
1065,22,3,5,宁,1,0,1
1066,22,4,1,靠,1,0,4
1067,22,4,2,与,1,0,0
1068,22,4,3,提,1,0,1
1069,22,4,4,嘻,1,0,2
1070,22,4,5,优,1,0,2
1071,22,5,1,砖,1,0,1
1072,22,5,2,辉,1,0,1
1073,22,5,3,煌,1,0,1
1074,22,5,4,瓦,1,0,1
1075,22,5,5,琴,1,0,1
1076,22,6,1,示,1,0,1
1077,22,6,2,周,1,0,3
1078,22,6,3,份,1,0,2
1079,22,6,4,您,1,0,1
1080,22,6,5,显,1,0,2
1081,22,7,1,躲,1,0,3
1082,22,7,2,艳,1,0,1
1083,22,7,3,巧,1,0,2
1084,22,7,4,摸,1,0,1
1085,22,7,5,隔,1,0,1
1086,22,8,1,薄,1,0,1
1087,22,8,2,秤,1,0,1
1088,22,8,3,刘,1,0,1
1089,22,8,4,华,1,0,1
1090,22,8,5,吴,1,0,1
1091,22,9,1,迟,1,0,1
1092,22,9,2,怦,1,0,2
1093,22,9,3,鼓,1,0,4
1094,22,9,4,尽,1,0,1
1095,22,9,5,牵,1,0,1
1096,22,10,1,弄,1,0,1
1097,22,10,2,挂,1,0,6
1098,22,10,3,便,1,1,19
1099,22,10,4,盼,1,0,1
1100,22,10,5,曲,1,0,4
1101,23,1,1,乎,1,0,1
1102,23,1,2,央,1,0,3
1103,23,1,3,次,1,0,9
1104,23,1,4,胡,1,0,7
1105,23,1,5,顺,1,0,1
1106,23,2,1,利,1,0,2
1107,23,2,2,稳,1,0,1
1108,23,2,3,粗,1,0,2
1109,23,2,4,戏,1,0,3
1110,23,2,5,熟,1,0,1
1111,23,3,1,纷,1,0,2
1112,23,3,2,烁,1,0,1
1113,23,3,3,补,1,0,1
1114,23,3,4,哗,1,0,4
1115,23,3,5,止,1,0,1
1116,23,4,1,娘,1,0,1
1117,23,4,2,丰,1,0,1
1118,23,4,3,克,1,0,1
1119,23,4,4,棋,1,0,2
1120,23,4,5,称,1,0,2
1121,23,5,1,刻,1,0,1
1122,23,5,2,导,1,0,1
1123,23,5,3,缸,1,0,2
1124,23,5,4,断,1,0,2
1125,23,5,5,脆,1,0,1
1126,23,6,1,折,1,0,1
1127,23,6,2,斤,1,0,1
1128,23,6,3,革,1,0,0
1129,23,6,4,单,1,0,1
1130,23,6,5,挑,1,0,2
1131,23,7,1,唤,1,0,1
1132,23,7,2,帜,1,0,1
1133,23,7,3,托,1,1,1
1134,23,7,4,卖,1,0,1
1135,23,7,5,乱,1,0,1
1136,23,8,1,钉,1,0,1
1137,23,8,2,省,1,0,1
1138,23,8,3,伟,1,0,1
1139,23,8,4,尤,1,0,1
1140,23,8,5,创,1,0,1
1141,23,9,1,区,1,0,1
1142,23,9,2,层,1,0,4
1143,23,9,3,丹,1,0,0
1144,23,9,4,州,1,0,2
1145,23,9,5,郊,1,0,1
1146,23,10,1,激,1,0,1
1147,23,10,2,斜,1,0,1
1148,23,10,3,抽,1,0,1
1149,23,10,4,嫌,1,0,2
1150,23,10,5,懒,1,0,2
1151,24,1,1,顶,1,2,11
1152,24,1,2,徐,1,0,1
1153,24,1,3,尘,1,0,1
1154,24,1,4,慌,1,0,1
1155,24,1,5,永,1,0,3
1156,24,2,1,切,1,0,2
1157,24,2,2,碰,1,0,4
1158,24,2,3,够,1,0,1
1159,24,2,4,盏,1,2,17
1160,24,2,5,线,1,0,3
1161,24,3,1,醉,1,0,1
1162,24,3,2,印,1,0,3
1163,24,3,3,灾,1,0,1
1164,24,3,4,含,1,0,1
1165,24,3,5,汪,1,0,8
1166,24,4,1,荣,1,0,1
1167,24,4,2,宿,1,0,1
1168,24,4,3,福,1,0,1
1169,24,4,4,抬,1,1,3
1170,24,4,5,竿,1,0,1
1171,24,5,1,洁,1,0,1
1172,24,5,2,艺,1,0,1
1173,24,5,3,晴,1,0,5
1174,24,5,4,朗,1,0,1
1175,24,5,5,品,1,0,1
1176,24,6,1,浅,1,0,2
1177,24,6,2,盛,1,0,1
1178,24,6,3,纹,1,0,2
1179,24,6,4,产,1,0,1
1180,24,6,5,陈,1,0,1
1181,24,7,1,赢,1,0,1
1182,24,7,2,胜,1,0,1
1183,24,7,3,良,1,0,1
1184,24,7,4,沿,1,0,3
1185,24,7,5,丛,1,0,1
1186,24,8,1,厚,1,0,6
1187,24,8,2,富,1,0,1
1188,24,8,3,涛,1,0,1
1189,24,8,4,扎,1,0,1
1190,24,8,5,扁,1,0,1
1191,24,9,1,英,1,0,3
1192,24,9,2,雄,1,0,2
1193,24,9,3,贺,1,0,1
1194,24,9,4,峡,1,0,1
1195,24,9,5,川,1,0,1
1196,24,10,1,扬,1,0,1
1197,24,10,2,奔,1,0,2
1198,24,10,3,碧,1,0,2
1199,24,10,4,部,1,0,1
1200,24,10,5,劲,1,0,1
1201,25,1,1,甩,1,0,1
1202,25,1,2,拦,1,0,1
1203,25,1,3,降,1,0,1
1204,25,1,4,胆,1,0,2
1205,25,1,5,踪,1,0,1
1206,25,2,1,决,1,0,2
1207,25,2,2,刺,1,0,1
1208,25,2,3,汤,1,0,3
1209,25,2,4,茶,1,0,1
1210,25,2,5,粽,1,0,1
1211,25,3,1,察,1,0,1
1212,25,3,2,扇,1,0,3
1213,25,3,3,猛,1,0,1
1214,25,3,4,萤,1,0,1
1215,25,3,5,贵,1,0,1
1216,25,4,1,评,1,0,2
1217,25,4,2,钱,1,0,3
1218,25,4,3,孔,1,0,1
1219,25,4,4,掌,1,0,1
1220,25,4,5,虽,1,0,1
1221,25,5,1,刷,1,0,1
1222,25,5,2,擦,1,0,2
1223,25,5,3,皂,1,0,1
1224,25,5,4,遍,1,0,3
1225,25,5,5,检,1,0,1
1226,25,6,1,暑,1,0,1
1227,25,6,2,旅,1,0,1
1228,25,6,3,晶,1,0,2
1229,25,6,4,杉,1,0,1
1230,25,6,5,桦,1,0,1
1231,25,7,1,裙,1,0,1
1232,25,7,2,脖,1,0,1
1233,25,7,3,臂,1,0,3
1234,25,7,4,镜,1,0,1
1235,25,7,5,鬼,1,0,1
1236,25,8,1,据,1,0,1
1237,25,8,2,反,1,0,1
1238,25,8,3,戴,1,0,1
1239,25,8,4,详,1,0,1
1240,25,8,5,猜,1,0,2
1241,25,9,1,梧,1,0,1
1242,25,9,2,桐,1,0,1
1243,25,9,3,疆,1,0,2
1244,25,9,4,桂,1,0,1
1245,25,9,5,桑,1,0,1
1246,25,10,1,麦,1,0,1
1247,25,10,2,雀,1,0,1
1248,25,10,3,塘,1,0,3
1249,25,10,4,幅,1,0,2
1250,25,10,5,锦,1,0,1
1251,26,1,1,泡,1,0,2
1252,26,1,2,姓,1,0,3
1253,26,1,3,氏,1,0,1
1254,26,1,4,邻,1,0,1
1255,26,1,5,龟,1,1,8
1256,26,2,1,性,1,0,1
1257,26,2,2,瓢,1,0,1
1258,26,2,3,炸,1,0,1
1259,26,2,4,甘,1,0,1
1260,26,2,5,舌,1,0,1
1261,26,3,1,毁,1,0,1
1262,26,3,2,淹,1,0,1
1263,26,3,3,守,1,1,2
1264,26,3,4,曹,1,0,1
1265,26,3,5,玲,1,0,2
1266,26,4,1,傻,1,0,2
1267,26,4,2,善,1,0,1
1268,26,4,3,扛,1,0,1
1269,26,4,4,窝,1,0,1
1270,26,4,5,粮,1,0,3
1271,26,5,1,翠,1,0,2
1272,26,5,2,拨,1,0,1
1273,26,5,3,咕,1,0,2
1274,26,5,4,咚,1,0,2
1275,26,5,5,掰,1,0,1
1276,26,6,1,炮,1,0,1
1277,26,6,2,端,1,0,2
1278,26,6,3,绳,1,0,1
1279,26,6,4,偏,1,0,2
1280,26,6,5,鞭,1,0,1
1281,26,7,1,萍,1,0,1
1282,26,7,2,严,1,0,1
1283,26,7,3,幼,1,0,1
1284,26,7,4,义,1,0,1
1285,26,7,5,迁,1,0,1
1286,26,8,1,支,1,0,1
1287,26,8,2,孤,1,0,1
1288,26,8,3,凝,1,0,1
1289,26,8,4,锻,1,0,1
1290,26,8,5,炼,1,0,1
1291,26,9,1,词,1,0,1
1292,26,9,2,爬,1,0,7
1293,26,9,3,酷,1,0,1
1294,26,9,4,棍,1,0,1
1295,26,9,5,具,1,0,2
1296,26,10,1,通,1,0,1
1297,26,10,2,耐,1,0,1
1298,26,10,3,鹰,1,0,5
1299,26,10,4,翔,1,0,1
1300,26,10,5,辛,1,0,2
